KAB_KOTA;IPM; Anggaran  ;IPG;PKKP;PPM;PPK;PPK_Makanan;Air Layak;IKK;PDRB;IKKe;Bekerja_Informal;Bekerja_Formal
ACEH BARAT;73.69;300.746.751.000;59.59;8.41;17.6;10548;61.65;99.18;93.49;14053;0.75;31.27;17
ACEH BARAT DAYA;68.75;169.291.551.000;53.61;8.81;15.32;9559;64.03;94.81;92.68;5368;0.46;25.63;33.1
ACEH BESAR;75.13;790.470.507.000;50.49;8.13;13.21;10810;58.35;87.99;95.73;18412;0.47;34.31;26.02
ACEH JAYA;71.83;132.605.811.000;65.04;8.43;12.25;11007;60.65;75.76;98.86;3607;0.28;45;19.18
ACEH SELATAN;69.1;260.053.890.000;67.07;10.44;12.02;9190;60.29;83.32;98.65;7466;0.31;32.95;22.42
ACEH SINGKIL;70.75;124.453.626.000;59.81;7.41;19.06;9862;61.24;78.07;94.32;3441;0.74;31.26;25.93
ACEH TAMIANG;72.32;213.497.993.000;64.53;9.98;12.17;9529;56.65;76.39;94.91;11542;0.28;29.56;15.77
ACEH TENGAH;75.41;441.131.617.000;69.07;8.9;14.27;11805;57.59;88.37;100.11;10721;0.48;56.01;17.98
ACEH TENGGARA;71.7;241.930.162.000;56.4;9.44;11.99;8876;61.63;100;93.43;6737;0.35;40.17;20.1
ACEH TIMUR;69.87;345.556.090.000;49.26;8.71;13.26;9889;62.17;74.23;95.47;14935;0.46;30.16;20.27
ACEH UTARA;71.7;692.174.431.000;48.77;10.94;16.11;9374;64.92;97.01;102.71;30084;0.7;36.01;30.51
AGAM;74.66;290.498.249.000;63.63;9.24;6.83;10686;56.04;78.43;90.2;27976;0.07;44.68;24.18
ALOR;63.82;202.436.288.000;61.96;13.46;19.87;7806;55.42;85.49;102.16;4008;0.49;49.68;16.76
ASAHAN;72.09;311.374.735.000;60.54;7.64;8.12;12301;58.36;86.6;93.06;57458;0.29;30.9;29.5
ASMAT;53.92;42.232.726.000;78.04;37.04;24.5;6262;60.5;50.46;146.77;3410;1.04;68.59;24.68
BADUNG;83.87;636.415.393.000;64.2;1.02;2.23;18556;41.87;99.8;110.56;75098;0.08;44.61;44.61
BALANGAN;71.34;145.943.312.000;68.83;3.41;4.87;12325;55.04;90.62;106.76;21764;0.2;43.1;23.83
BANDUNG;74.27;666.551.038.000;71.17;5.8;6.19;11392;59.05;91.42;111.3;165609;0.09;36.36;20.12
BANDUNG BARAT;70.03;705.256.185.000;74.23;6.25;10.49;9583;52.41;92.67;111.02;61236;0.23;36.47;28.12
BANGGAI;72.32;443.160.207.000;76.96;10.91;6.56;10772;53.7;87.12;97.81;40737;0.17;42.58;21.45
BANGGAI KEPULAUAN;67.43;114.033.119.000;75.88;18.73;12.32;8375;58.74;81.03;94.27;5377;0.22;42.72;21.80
BANGGAI LAUT;67.43;43.769.178.000;71.48;15.79;13.78;8776;58.28;;96.18;3223;0.35;34.26;19.84
BANGKA;73.98;274.078.775.000;62.01;10.45;4.24;13205;52.88;90.8;106.79;20003;0.14;35.95;33.48
BANGKA BARAT;70.67;122.947.720.000;65.33;10.85;2.59;13199;56.65;92.96;104.98;19684;0.16;30.51;34.31
BANGKA SELATAN;68.86;104.761.415.000;56.29;10.95;3.74;12718;59.96;93.47;104.17;12029;0.07;37.16;32.87
BANGKA TENGAH;71.9;143.217.706.000;61.49;11.55;5.94;13677;56.36;95.84;102.59;11815;0.17;32.71;28.37
BANGKALAN;66.27;628.558.737.000;55.34;12.18;18.66;9841;;72.17;100.12;28739;0.39;44.74;36.48
BANGLI;71.34;173.232.544.000;69.06;2.94;5.06;12148;51.29;97.19;109.08;8466;0.23;29.79;28.79
BANJAR;71.87;368.214.238.000;76.41;3.97;2.36;13683;56.46;45.3;101.45;24042;0.07;40.93;28.05
BANJARNEGARA;69.6;352.128.017.000;65.02;11.79;14.71;10595;54.34;85.56;100.41;29231;0.61;42.12;21.69
BANTAENG;71.48;220.390.579.000;78.79;4.48;8.26;12719;55.86;89.92;93.7;13451;0.16;45.74;23.84
BANTUL;81.74;782.545.313.000;75.97;9.27;11.66;16851;43.56;98.34;105.13;36479;0.56;35.99;27.15
BANYU ASIN;69.51;357.564.383.000;63.76;4.21;9.31;11277;55.9;94.43;93.46;39630;0.44;51.58;24.95
BANYUMAS;74.52;2.035.882.123.000;69.77;7.98;11.95;12960;51.25;88.6;100.9;74163;0.5;38.63;27.7
BANYUWANGI;73.11;837.121.919.000;79.51;5.76;6.54;13320;;88.69;96.67;108923;0.06;41.67;
BARITO KUALA;68.84;229.097.369.000;79.23;5.36;4.36;11168;51.75;44.18;110.05;11350;0.16;40.67;25.8
BARITO SELATAN;72.36;133.758.048.000;87.93;10.82;4.83;12508;55.98;;103.59;8899;0.03;42.27;25.57
BARITO TIMUR;73.26;156.812.680.000;84.42;8.67;6.66;12576;55.49;69.57;102.86;10915;0.19;43.16;31.45
BARITO UTARA;72.31;156.388.607.000;87.49;9.83;5.67;11150;54.23;69;104.95;14039;0.22;43.88;25.4
BARRU;73.06;191.861.789.000;65.09;8.7;8.31;12058;53.03;99.76;92.49;9898;0.22;36.44;27.33
BATANG;70.74;327.243.819.000;69.4;6.53;8.73;10919;55.9;91.45;101.8;30389;0.27;38.9;
BATANG HARI;71.67;258.779.676.000;74.48;10.97;8.63;10872;52.56;86.36;90.1;26150;0.28;27.54;28.31
BATU BARA;70.83;152.842.600.000;66.24;7.45;10.94;11373;59.13;92.79;88.66;47318;0.3;34.88;29.75
BEKASI;76.44;1.118.292.302.000;66.49;4.6;4.8;12500;52.27;96.26;108.56;421324;0.17;28.37;35.69
BELITUNG;74.47;245.890.798.000;58.82;11.26;6.11;14449;48.79;97.27;103.8;14151;0.24;31.26;32.46
BELITUNG TIMUR;73.19;103.048.714.000;46.3;10.32;6.36;12610;48.12;96.42;105.22;10973;0.15;32.73;34.08
BELU;64.43;228.337.063.000;70.57;13.34;13.86;8159;56.39;90.49;77.03;5931;0.51;50.01;22.19
BENER MERIAH;75.01;166.922.686.000;51.19;7.31;18.18;12360;57.26;86.76;96.4;6521;0.8;61.31;11.3
BENGKALIS;75.28;448.386.903.000;59.8;9.92;6.36;12321;58.21;96.56;98.5;175714;0.12;30.45;32.23
BENGKAYANG;70.3;166.355.694.000;76.94;12.63;6;10208;56.94;96.02;105.48;12238;0.13;42.35;22.89
BENGKULU SELATAN;72.35;152.255.852.000;60.92;9.42;17.1;11040;55.2;82.97;95.51;7864;0.77;45.72;21.29
BENGKULU TENGAH;69.84;114.342.501.000;75.3;9.48;10.14;10672;57.41;87.09;92.01;6782;0.2;42.13;24.19
BENGKULU UTARA;71.11;177.700.506.000;59.07;9.7;10.96;11715;56.5;89.44;91;12782;0.18;41.09;23.3
BERAU;76.66;293.456.546.000;60.9;6.66;5.08;14101;47.12;92.96;115.92;50817;0.07;43.33;34.98
BIAK NUMFOR;73.98;260.999.849.000;64.72;32.14;23.46;10600;48.62;68.64;128.26;6557;2.13;34.65;17.44
BIMA;68.94;317.331.177.000;64.63;3.54;13.88;9418;68.48;88.69;111;14757;0.41;52.96;34.14
BINTAN;76.18;232.229.942.000;74.62;13.64;5.44;15078;49.75;100;105.63;30366;0.13;25.71;31.71
BIREUEN;74.45;433.811.317.000;62.34;8.98;12.1;10150;61.01;86.53;94.12;18381;0.37;32.01;27.29
BLITAR;73.09;382.165.866.000;79.86;11.99;8.16;12020;;91.4;90.03;47779;0.12;44.29;21.07
BLORA;71.39;590.460.531.000;73.96;11.19;11.42;10926;53.75;84.99;103.85;33231;0.32;40.01;
BOALEMO;68.74;145.027.103.000;74.76;15.72;17.83;10401;56.46;85.13;101.37;6984;1.12;45.49;19.79
BOGOR;72.39;4.530.368.925.000;56.99;5.68;7.05;11563;52.19;91.62;115.39;311713;0.26;38.94;33.53
BOJONEGORO;71.78;483.984.490.000;65.45;9.97;11.69;11204;;91.16;95.73;101794;0.48;41.04;21.03
BOLAANG MONGONDOW;70.29;262.882.017.000;77.29;5.38;7.74;11507;57.26;88.77;95.66;11516;0.15;47.28;16.64
BOLAANG MONGONDOW SELATAN;67.14;66.420.098.000;67.22;6.46;11.33;10114;57.16;94.38;92.21;2974;0.24;46.83;25.75
BOLAANG MONGONDOW TIMUR;68.53;85.053.579.000;73.9;6.24;5.87;10191;56.68;100;97.49;4170;0.07;45.66;25.75
BOLAANG MONGONDOW UTARA;69.32;73.478.763.000;63.81;8.51;7.88;10170;53.74;92.06;91.43;3544;0.22;45.94;23.65
BOMBANA;68.15;127.461.809.000;54.84;10.04;10.54;9692;52.24;98.41;94.69;9155;0.21;37.44;21.89
BONDOWOSO;68.65;344.149.612.000;72.33;14.49;12.6;11689;;89.9;93.02;26543;0.28;45.28;19.16
BONE;68.36;1.201.750.801.000;63.08;12.69;9.58;10084;47.85;79.16;97.16;50015;0.19;40.16;17.99
BONE BOLANGO;72.38;194.922.669.000;62.66;15.54;14.8;11717;47.95;98.87;94.7;6049;0.72;35.36;25.66
BOVEN DIGOEL;64.26;155.452.436.000;54.89;39.74;19.24;8616;58.13;59.82;139.28;5867;1.17;35.91;27.69
BOYOLALI;75.96;465.449.964.000;80.31;9.1;9.63;14195;49.16;93.61;100.85;45853;0.4;43.62;27.14
BREBES;68.46;414.799.064.000;59.35;7.9;15.6;11389;55.18;85.18;104.48;62045;0.55;39.13;
BULELENG;74.52;806.489.503.000;66.71;6.66;5.39;14377;53.47;96.25;104.76;41388;0.14;30.76;30.76
BULONGAN;73.34;;53.78;9.6;6.71;10581;53.28;77.82;109.68;25752;0.16;37.61;28.02
BULUKUMBA;71.97;279.554.201.000;74.29;12.74;8.76;11807;49.02;87.23;95.11;20224;0.35;44.62;25.02
BUNGO;71.92;246.973.717.000;59.34;6.51;5.06;12820;56.28;77.97;89.12;27356;0.06;29.82;31.67
BUOL;70.28;157.303.163.000;76.35;10.42;13.08;9051;53.96;82.47;90.82;7791;0.47;42.45;19.06
BURU;71.01;187.229.635.000;63.96;32.66;16.08;11261;51.82;91.64;100.55;3167;0.58;21.97;23.34
BURU SELATAN;67.09;118.529.218.000;61.8;33.01;14.91;8474;;73.64;106.08;1887;0.46;51.92;18.43
BUTON;68.88;238.601.247.000;76.77;12.43;13.99;8401;;98.09;99.31;5297;0.35;35.14;25.36
BUTON SELATAN;67;43.351.342.000;66.54;9.6;14.28;8386;55.11;97.75;98.8;3827;0.38;43.51;21.57
BUTON TENGAH;66.47;74.659.353.000;72.31;16.01;14.4;8434;54.32;100;103.09;3170;0.32;46.01;17
BUTON UTARA;70.6;56.311.256.000;77.55;12.12;14.09;8746;54.61;94.93;99.85;4274;0.94;44.18;20.54
CIAMIS;72.56;437.835.406.000;66.07;5.78;7.39;10085;55.55;91.11;99.55;43237;0.2;42.5;23.65
CIANJUR;67.24;822.897.121.000;63.11;5.37;10.14;9026;58.03;82.03;103.18;64404;0.41;41.32;20.2
CILACAP;72.38;885.956.225.000;69.97;10.9;10.68;11868;54.2;87.42;101.76;135991;0.35;42.49;21.49
CIREBON;71.44;631.240.135.000;75.09;5.65;11;11529;52.88;91.45;104.51;67196;0.36;39.97;22.47
DAIRI;73.92;157.281.675.000;63.27;6.72;7.1;11355;60.85;69.23;101.58;12694;0.15;60.96;13.75
DEIYAI;52.07;19.502.941.000;22.91;57.91;39.01;5509;63.67;33.74;180.72;1767;1.01;24.64;4.02
DELI SERDANG;76.92;776.853.777.000;54.79;7.46;3.44;13279;52.63;96.7;89.32;151451;0.12;37.36;7.06
DEMAK;74.57;439.093.401.000;66.22;7.59;11.89;11591;52.97;93.58;104.26;35459;0.56;64.79;
DHARMAS RAYA;74.06;133.316.329.000;50.22;7.51;5.32;12254;58.01;47.33;91.19;14328;0.15;47.98;33.19
DOGIYAI;57.68;21.767.402.000;52.97;57.88;30.03;6755;;45.38;172.02;1647;1.59;83.59;1.34
DOMPU;70.78;199.191.672.000;61.57;1.69;11.59;9971;62.18;92.79;108.9;9064;0.32;49.81;18.75
DONGGALA;67.45;196.035.867.000;71.29;10.82;15.3;9117;54.49;86.32;86.67;16527;0.75;42.75;27.98
EMPAT LAWANG;67.25;115.877.891.000;72.49;13.91;10.78;10889;58.94;74;89.46;6722;0.32;57;15.17
ENDE;69.11;276.459.107.000;61.01;12.75;22.57;10009;58.07;94.58;86.78;7885;1.18;55.9;21.55
ENREKANG;74.61;173.392.998.000;71.41;4.94;11.25;12138;52.82;61.08;97.92;10467;0.44;53.82;16.51
FAKFAK;70.39;547.276.308.000;77.09;20.76;20.86;8159;52.47;88.73;121.38;6311;1.35;28.55;26.74
FLORES TIMUR;66.29;189.206.156.000;55.03;13.45;11.25;8505;55.26;99.93;93.66;6446;0.25;53.66;19.67
GARUT;68.79;1.084.240.460.000;76.05;5.02;9.68;9168;59.78;84.3;102.23;78825;0.29;45.57;22.6
GAYO LUES;69.83;113.111.615.000;57.21;7.97;18.3;9967;59.23;91.93;94.18;3583;0.63;59.66;17.52
GIANYAR;79.82;292.495.590.000;73.38;1;4;15577;41.87;99.69;103.63;33047;0.09;43.64;43.25
GORONTALO;69.66;459.528.945.000;57.53;18.12;16.43;10645;49.7;90.88;97.5;17096;0.89;34.69;24.55
GORONTALO UTARA;67.46;190.284.232.000;76.92;20.52;16.86;10476;53.39;88.83;94.71;4414;1.02;39.57;23.06
GOWA;72.26;739.373.597.000;81.66;6.44;6.85;10700;51.52;94.3;95.17;30749;0.11;35.16;25.21
GRESIK;78.45;454.468.978.000;62.32;2.9;10.32;14356;;92.88;106.44;188605;0.33;33.81;35.99
GROBOGAN;72.02;569.072.220.000;66.59;9.91;11.43;11548;56.04;84.15;102.22;37506;0.43;40.31;
GUNUNG KIDUL;71.89;389.665.640.000;79.41;8.84;15.18;10630;55.71;91.35;107.97;26705;0.65;44.47;25.14
GUNUNG MAS;72.73;119.260.062.000;88.74;5.81;5.68;11902;50.59;69.05;112.63;9762;0.09;43.74;33.96
HALMAHERA BARAT;67.53;195.281.288.000;63.53;33.55;8.75;8426;54.41;93.83;107.49;2947;0.36;43.02;14.65
HALMAHERA SELATAN;66.66;313.525.688.000;53.87;28.3;5.63;8210;58.55;91.44;105.72;21048;0.08;47.89;21.2
HALMAHERA TENGAH;68.45;102.158.575.000;54.58;19.43;10.71;9140;45.65;98.77;116.67;32302;0.41;36.93;26.88
HALMAHERA TIMUR;69.58;140.253.920.000;50.49;29.13;11.91;8999;51.63;89.91;114.43;5396;0.33;38.52;22.77
HALMAHERA UTARA;69.78;236.622.752.000;76.99;29.24;4.71;8607;50.63;92.08;108.77;7181;0.07;39.04;15.99
HULU SUNGAI SELATAN;71.21;251.764.047.000;65.92;4.9;3.38;14150;49.15;90.65;93.27;9901;0.05;43.34;24.67
HULU SUNGAI TENGAH;70.69;267.569.110.000;72.39;4.95;5.81;13176;50.74;71.48;99.41;9366;0.14;42.67;18.94
HULU SUNGAI UTARA;68.28;267.125.524.000;71.44;5.18;5.75;10981;53.95;61.82;102.82;6612;0.08;43.57;24.51
HUMBANG HASUNDUTAN;71.59;130.310.303.000;74.55;6.18;8.44;8844;58.1;93.16;97.48;8272;0.09;42;9.53
INDRAGIRI HILIR;68.38;358.521.616.000;69.73;13.23;5.66;11050;58.42;100;100.51;94985;0.22;29.45;27.94
INDRAGIRI HULU;71.48;221.894.105.000;54.92;11.22;6.02;11333;52.3;66.4;95.28;60478;0.09;27.49;32.18
INDRAMAYU;69.83;583.675.098.000;68.95;5.46;11.93;11010;61.39;84.28;104.92;105589;0.54;39.99;21.47
INTAN JAYA;50.71;22.034.935.000;46.7;38.16;41.42;6463;69.64;41.86;342.93;1465;4.66;79.2;0.67
JAYAPURA;74.11;485.500.169.000;71.64;21.1;11.6;10848;52.93;52.38;110.3;20429;1.24;34.66;20.81
JAYAWIJAYA;61.03;433.158.275.000;64.14;26.85;32.28;8534;52.04;76.52;242.78;11448;2.6;81.35;5.98
JEMBER;69.15;2.321.275.645.000;72.04;9.84;9.01;10700;;84.77;93.28;102758;0.18;43.16;23.95
JEMBRANA;74.6;331.341.241.000;72.94;5.68;4.51;12638;53.84;93.46;104.36;16845;0.05;36.29;36.29
JENEPONTO;66.38;213.533.977.000;76.18;13.4;11.82;10158;57.91;96.03;96.27;13057;0.29;35.76;14.85
JEPARA;74.32;405.651.725.000;64.62;7.86;6.09;11729;54.64;93.82;104.76;40564;0.15;37.87;
JOMBANG;75.1;603.161.936.000;69.4;7.52;8.6;12454;49.8;93.88;98.01;53899;0.17;38.87;28.88
KAIMANA;67.6;194.916.133.000;77.29;20.45;14.41;9242;;73.96;120.34;3096;1.01;36.37;23.69
KAMPAR;74.85;324.804.065.000;58.32;10.75;6.92;12034;55.19;94.58;94.39;116424;0.19;24.94;34.11
KAPUAS;71.32;258.694.230.000;72.81;14.77;5.25;12265;54.34;55.39;102.29;25169;0.14;39.79;30.4
KAPUAS HULU;68.58;349.055.491.000;64.39;15.53;7.4;8470;53.62;61.27;114.75;14342;0.11;43.52;23.38
KARANG ASEM;69.74;268.146.352.000;72.31;7.09;6.52;11176;53.04;96.23;102.95;20210;0.1;29.38;29.38
KARANGANYAR;78.11;838.839.129.000;74.4;7.57;9.59;12732;50.61;93.83;103.37;51332;0.41;38.39;
KARAWANG;72.9;958.957.501.000;65.8;5.1;7.86;12942;49.05;91.64;108.74;309843;0.28;35.09;24.94
KARIMUN;74.28;225.143.805.000;58.34;13.2;5.78;13287;52.52;99.29;108.15;18331;0.21;23.17;36.58
KARO;76.55;208.343.801.000;75.96;6.13;7.37;13278;66.29;87.85;100.54;28868;0.18;63.49;17.64
KATINGAN;70.7;138.817.367.000;56.99;9.57;5.26;11691;60.14;85.66;102.48;11676;0.1;43.17;29.5
KAUR;68.98;123.366.282.000;71.16;12.36;17.12;9742;56.32;97.55;97.76;4964;0.61;51.36;25.14
KAYONG UTARA;65.74;87.762.134.000;53.62;12.32;8.84;9016;52.22;96.6;106.78;5831;0.47;41.39;28.74
KEBUMEN;71.93;434.005.910.000;69.71;9.2;15.71;10176;53.3;87.71;98.3;38605;0.48;40.88;20.31
KEDIRI;74.44;490.398.310.000;72.82;9.37;9.95;12388;52.95;93.98;91.51;54650;0.24;42.9;22.83
KEEROM;68.68;144.583.858.000;68.98;37.83;15.84;9967;;38.53;133.04;3618;0.82;55.56;15.5
KENDAL;74.34;314.505.153.000;73.16;10.03;9.35;13277;52.01;94.91;102.28;58837;0.15;37.8;
KEPAHIANG;70.27;129.519.294.000;55.37;4.39;12.9;10620;59.06;97.52;90.08;6265;0.49;55.43;24.11
KEPULAUAN ANAMBAS;70.93;160.421.900.000;58.3;13.7;6.67;12983;50.31;94.39;126.75;18005;0.18;43.41;38.48
KEPULAUAN ARU;65.83;212.176.881.000;67.73;9.04;23.39;8488;54.1;68.17;110.07;4761;1.23;41.01;15.53
KEPULAUAN MENTAWAI;63.99;100.176.946.000;49.59;33.39;13.89;7192;64.85;50.93;118.65;6246;0.35;59.83;18.54
KEPULAUAN MERANTI;67.92;156.764.523.000;73.03;9.31;23.15;8988;55.33;25.82;102.89;27469;0.88;30.82;29.74
KEPULAUAN SANGIHE;72.71;340.557.354.000;63.73;12.72;10.84;12409;56.13;89.51;107.88;6169;0.13;47.43;26.93
KEPULAUAN SELAYAR;70.03;242.734.634.000;69.07;12.6;10.79;10235;54.47;100;98.85;8341;0.38;35.63;28.21
KEPULAUAN SERIBU;74.17;73.399.515.000;67.58;8.45;13.03;14110;59.19;94.21;122.21;8103;0.13;27.52;30.23
KEPULAUAN SULA;65.99;235.402.557.000;62.58;35.11;7.96;8020;50.9;90.1;122.44;3378;0.2;34.06;23.67
KEPULAUAN TALAUD;71.77;167.553.913.000;65.89;7.33;8.17;9512;55.9;100;119.96;3098;0.28;49.21;20.96
KEPULAUAN YAPEN;69.65;161.005.145.000;58.4;28.05;25.69;8409;58.16;66.78;132.2;5275;2.78;35.96;13.85
KERINCI;73.11;402.544.221.000;65.14;12.22;6.93;11441;52.85;69.88;97.95;14719;0.24;52.27;17.85
KETAPANG;69.42;352.389.544.000;53.65;13.48;8.5;10472;55.99;78.08;103.67;39117;0.41;40.52;19.05
KLATEN;78.16;874.167.732.000;76.66;10.11;12.04;13513;41.51;96.13;100.31;55249;0.27;42.51;28.34
KLUNGKUNG;74.04;176.813.683.000;69.98;3.61;5.3;12358;51.29;97.75;112.89;11015;0.03;38.95;38.95
KODYA JAKARTA BARAT;83.64;4.997.506.878.000;77.71;6.33;11.67;22119;;100;113.41;627870;0.47;21.07;39.15
KODYA JAKARTA PUSAT;83.01;329.474.392.308.000;80.89;10.67;13.71;18661;;100;119.14;922861;0.44;22.88;36.31
KODYA JAKARTA SELATAN;86.94;170.023.682.638.000;79.36;6.39;13.51;25573;;100;112.22;850297;0.66;30.51;29.72
KODYA JAKARTA TIMUR;84.65;33.760.086.083.000;77.6;8.15;13.25;19193;;100;109.6;630609;0.65;18.8;37.99
KODYA JAKARTA UTARA;81.39;4.415.607.228.000;78.28;8.71;15.54;20032;;100;112.64;670179;0.76;22.95;39.77
KOLAKA;75.18;354.409.930.000;74.82;11.82;11.2;13534;54.74;79.96;88.35;38163;0.34;34.33;24.72
KOLAKA TIMUR;70.27;95.415.607.000;71.36;4.68;13.17;9012;52.18;96.91;88.47;6137;0.76;52.42;28.3
KOLAKA UTARA;71.7;106.671.867.000;63.37;27.62;5.13;11650;46.25;96.02;92.14;12281;0.16;46.11;23.86
KONAWE;73.39;246.273.012.000;68.82;5.9;2.23;11415;50.28;93.79;87.71;20748;0.01;36.14;26.23
KONAWE KEPULAUAN;67.99;23.077.253.000;59.35;6.69;6.95;7996;48.41;97.94;95.91;1972;0.11;37.86;28.84
KONAWE SELATAN;71.19;247.269.227.000;71.06;10.05;7.37;10250;51.59;90.31;92.73;17760;0.21;40.95;23.58
KONAWE UTARA;72.32;72.025.081.000;70.99;5.48;3.87;10658;51.58;95.91;95.66;5707;0.14;29.04;32.68
KOTA AMBON;82.56;5.615.200.176.000;77.75;5.13;5.85;15196;50.87;98.67;100.41;19836;0.29;24.84;29.62
KOTA BALIKPAPAN;82.24;2.668.004.903.000;75.04;2.75;3.79;16854;40.47;100;111.89;153567;0.07;24.21;41.91
KOTA BANDA ACEH;87.17;7.659.642.185.000;63.24;3.52;4.58;18100;42.93;100;94.74;26025;0.08;13.85;15.45
KOTA BANDAR LAMPUNG;79.19;4.949.791.575.000;74.27;3.7;4.45;13667;47.9;99.93;86.01;79853;0.08;22.97;36.29
KOTA BANDUNG;83.52;19.018.705.466.000;70.95;7.87;4.85;18795;47.88;99.74;117.19;371846;0.12;22.99;34.07
KOTA BANJAR;73.64;683.344.688.000;62.66;3.49;3.06;11811;54.32;99.83;98.04;5549;0.09;36.33;27.13
KOTA BANJAR BARU;80.51;746.506.114.000;76.8;12.95;7.4;14927;46.54;36.49;98.84;14518;0.48;27.69;37.77
KOTA BANJARMASIN;79.05;3.905.836.649.000;80.9;4.88;4.01;15714;46.94;93.79;100;45666;0.21;26.85;36.67
KOTA BARU;70.61;315.507.100.000;75.94;6.43;13.76;12929;;77.26;97.22;37126;0.71;;
KOTA BATAM;82.86;5.236.421.900.000;61.31;1.52;8.12;19668;47.07;99.73;110.64;233048;0.39;17.49;40.87
KOTA BATU;78.79;876.941.560.000;74.06;7.63;4.75;14253;;99.91;99.88;22154;0.14;27.88;33.61
KOTA BAU-BAU;78.13;220.868.789.000;69.59;4.16;6.27;11755;40.31;99.92;95.6;12205;0.25;23.04;35.12
KOTA BEKASI;83.54;997.389.722.000;70.49;5.42;6.75;16775;40.88;99.93;106.59;129352;0.24;23.49;40.61
KOTA BENGKULU;82.04;2.996.945.073.000;76;7.98;6.53;15542;38.61;99.56;94.72;33148;0.24;24.95;25.76
KOTA BIMA;78.04;270.213.070.000;77.48;7.73;3.74;12362;51.41;99.86;110.99;5314;0.04;35.23;31.79
KOTA BINJAI;78.1;275.753.659.000;68.54;7.35;4.08;12015;;98.18;92.06;15589;0.08;22.29;35.49
KOTA BITUNG;75.71;500.454.522.000;67.94;1.96;3.75;13539;49.57;100;97.34;24752;0.07;26.44;38.83
KOTA BLITAR;81.27;230.187.238.000;68.4;5.43;4.39;14933;;99.93;92.25;9188;0.21;27.68;35.52
KOTA BOGOR;78.52;2.189.220.628.000;75.6;6.56;9.02;13154;36.8;99.78;112.47;61052;0.25;26.68;28.25
KOTA BONTANG;82.42;194.129.879.000;42.51;1.62;2.59;18394;41.47;91.94;110.5;68418;0.08;24.68;35.46
KOTA BUKITTINGGI;82.51;516.456.191.000;83.53;4.52;2.34;14297;48.31;100;95.45;11747;0.07;28.6;38.36
KOTA CILEGON;75.14;339.438.029.000;53.69;11.31;3.14;14294;45.01;99.84;93.43;137989;0.03;20.34;37.89
KOTA CIMAHI;80.08;1.206.307.779.000;76.26;9.16;5.74;13278;45.62;99.79;112.94;43423;0.12;26.13;38.83
KOTA CIREBON;77.08;2.663.450.522.000;81.14;7.43;14.72;12869;46.28;99.78;105.18;30540;0.38;22.33;33.63
KOTA DENPASAR;85.22;8.576.261.125.000;67.4;3.55;3.94;20763;37.45;99.93;115.46;65300;0.04;22.29;47.76
KOTA DEPOK;82.91;893.547.677.000;75.62;3.63;4.63;16640;40.89;99.96;109.97;94150;0.12;28.02;41.8
KOTA DUMAI;76.19;351.516.193.000;52.2;2.45;3.03;12847;48.51;95.14;97.25;52668;0.05;22.38;37.8
KOTA GORONTALO;79.18;194.922.669.000;66.49;4.38;4.09;13860;41.03;100;95.64;11237;0.07;29.12;34.83
KOTA GUNUNGSITOLI;71.41;108.411.407.000;72.62;3.39;6.44;9056;54.81;56.01;103.43;7322;0.26;42.98;23.52
KOTA JAMBI;81.04;5.247.730.974.000;66.98;11.41;7.73;13388;40.93;99.79;94.24;43375;0.23;21.59;37.74
KOTA JAYAPURA;81.67;5.846.026.651.000;78.29;15.85;10.72;15408;41.05;95.26;125.66;39815;0.79;27.94;20.59
KOTA KEDIRI;81.35;800.274.088.000;81.27;5.31;6.51;13670;;99.83;94.38;168749;0.25;29.65;34.23
KOTA KENDARI;85.33;4.114.208.792.000;77.12;5.46;4.23;15651;43.16;100;87.53;30021;0.14;21.36;39.33
KOTA KOTAMOBAGU;75.27;123.986.624.000;63.38;4;5.12;12074;48.16;90.29;97.72;5215;0.08;21.37;36.02
KOTA KUPANG;81.08;7.274.418.998.000;69.16;12.52;8.24;14001;45.8;90.96;84.59;30773;0.43;50.97;18.07
KOTA LANGSA;78.81;480.652.908.000;58.91;8.96;10.33;13133;49.8;96.2;92.08;7324;0.42;36.92;22.79
KOTA LHOKSEUMAWE;79.55;1.467.773.607.000;68.86;7.86;10.44;12694;48.29;98.92;100.91;11848;0.67;36.6;21.79
KOTA LUBUKLINGGAU;76.82;179.640.408.000;73.09;6.9;11.14;14672;53.15;96.45;91.18;8718;0.28;29.58;35.09
KOTA MADIUN;83.48;1.373.499.785.000;76.51;5.34;4.38;17518;;99.81;94.27;18653;0.09;24.9;41.5
KOTA MAGELANG;82.15;1.230.656.155.000;82.7;8.68;5.94;13619;44.61;99.76;98.85;11822;0.19;24.18;34.10
KOTA MAKASSAR;83.9;12.886.852.827.000;71.04;3.97;4.97;18386;44.55;100;96.06;243063;0.18;17.71;34.18
KOTA MALANG;84.06;4.217.769.538.000;78.99;4.99;3.91;17791;;99.9;98.02;100117;0.08;22.8;37.66
KOTA MANADO;80.63;5.546.075.382.000;85.66;4.46;5.43;15301;46.53;89.06;104.66;53015;0.3;23.63;36.07
KOTA MATARAM;80.6;4.259.410.023.000;77.02;1.4;8;16514;54.12;99.89;102.96;24200;0.68;28.61;33.35
KOTA MEDAN;82.76;12.706.697.831.000;68.88;7.27;7.94;16069;;100;94.2;329609;0.26;26.97;34.32
KOTA METRO;78.93;266.793.384.000;71.96;8.23;6.78;13092;47.94;100;86.9;8480;0.15;30.29;35.3
KOTA MOJOKERTO;80.92;626.312.171.000;72.91;4.33;5.57;14842;;99.8;96.58;8612;0.13;23.44;37.44
KOTA PADANG;83.99;6.078.102.104.000;63.38;8.57;4.06;15458;56.81;93.37;94.36;84183;0.03;41.42;27.72
KOTA PADANG PANJANG;80.17;311.914.250.000;75.62;5.33;5.31;11840;48.53;96.25;90.3;4757;0.07;;
KOTA PADANGSIDIMPUAN;76.96;251.208.594.000;76.54;6.99;6.23;11964;54.25;60.13;95.61;8577;0.12;27.43;36.3
KOTA PAGAR ALAM;71.19;109.533.576.000;58.64;6.91;8.18;10245;50.32;91.63;93.79;3811;0.16;29.34;43.67
KOTA PALANGKA RAYA;82.2;3.274.727.578.000;69.55;6.06;3.52;15188;43.38;84.11;101.91;26236;0.08;28.72;34.13
KOTA PALEMBANG;80.57;12.978.270.126.000;58.53;3.36;9.77;16150;48.3;99.89;85.89;208197;0.4;31.7;24.89
KOTA PALOPO;79.94;363.349.207.000;73.74;2.98;7.35;14369;48.06;97.01;99.31;11084;0.19;20.83;32.41
KOTA PALU;82.88;4.340.570.629.000;67.83;6.96;5.94;15941;42.43;96.44;85.25;32919;0.09;28.64;28.26
KOTA PANGKAL PINANG;80.4;1.856.953.417.000;65.48;8.68;4.04;16750;44.53;99.91;110.21;18940;0.19;20.57;39.87
KOTA PARE-PARE;79.64;664.853.318.000;75.17;4.92;5.27;14928;48.06;100;90.66;9943;0.14;26.26;33.54
KOTA PARIAMAN;78.88;215.213.604.000;60.14;7.3;4.26;13784;48.91;93.72;90.87;6802;0.08;38.64;25.16
KOTA PASURUAN;77.75;232.073.484.000;70.04;4.29;6.32;14664;;99.63;97.09;11208;0.12;22.31;39.62
KOTA PAYAKUMBUH;80.61;203.757.898.000;68.75;8.17;5.19;14260;48.23;100;90.32;9421;0.15;30.84;37.15
KOTA PEKALONGAN;77.22;368.439.226.000;65.1;5.05;6.71;14547;50.32;99.9;103.37;14767;0.17;25.60;43.04
KOTA PEKANBARU;82.89;4.884.134.149.000;67.4;10.08;3.15;15212;45.23;100;90.22;171307;0.06;27.44;34.46
KOTA PEMATANG SIANTAR;81.17;385.405.434.000;68.93;7.24;7.2;13349;57.0;98.14;92.05;17352;0.27;36.2;35.54
KOTA PONTIANAK;81.57;5.225.030.654.000;73.04;7.05;4.2;16212;42.86;99.81;102.16;51350;0.14;22.67;34.36
KOTA PRABUMULIH;77.08;148.197.407.000;67.94;7.62;10.13;13982;48.22;96.7;89.82;10533;0.36;27.45;38.04
KOTA PROBOLINGGO;76.27;175.360.613.000;76.8;4.47;6.18;13405;;99.6;94.93;15375;0.21;27.72;41.19
KOTA SABANG;78.32;287.647.970.000;60.86;7.81;14.58;12625;55.1;90.12;102.78;1861;0.8;44.14;14.78
KOTA SALATIGA;85.72;560.283.602.000;65.05;4.04;4.57;17096;38.15;99.9;104.58;18079;0.11;25.40;42.55
KOTA SAMARINDA;82.81;10.094.959.333.000;62.57;7.31;4.3;16160;41.67;86.39;107.21;98415;0.11;23.09;35.04
KOTA SAWAH LUNTO;75.13;117.176.214.000;62.49;8.19;2.33;11187;50.66;54.02;92.19;5058;0.08;34.7;36.66
KOTA SEMARANG;85.25;18.166.860.155.000;78.71;4.15;4.03;16990;40.88;99.94;105.04;267551;0.12;21.06;43.04
KOTA SERANG;73.99;2.742.979.485.000;58.38;2.18;5.65;14603;50.82;99.87;95.04;42988;0.16;28.33;31.8
KOTA SIBOLGA;75.66;652.588.999.000;65.89;8.53;11.39;12713;56.35;96;102.94;7202;0.37;23.6;39.66
KOTA SINGKAWANG;73.87;297.903.178.000;66.2;7.39;4.53;12945;50.51;90.18;107.89;14015;0.1;21.41;35.3
KOTA SOLOK;80;120.807.861.000;65.38;7.89;3.07;12995;51.16;100;92.71;5561;0.07;36.32;32.4
KOTA SORONG;79.93;121.325.707.000;61.15;19.2;13.67;14368;47.71;92.47;113.71;17127;1.01;27.37;30.4
KOTA SUBULUSSALAM;68.04;97.525.052.000;76;8.02;16.38;8491;55.59;42.17;97.17;2762;0.41;30.13;25.97
KOTA SUKABUMI;76.85;462.566.004.000;69.05;5.57;7.2;12252;48.04;99.52;102.8;16370;0.18;26.56;30.66
KOTA SUNGAI PENUH;77.4;92.095.710.000;53.62;14.91;2.92;11499;51.6;97.57;97.3;10281;0.07;36.58;26.33
KOTA SURABAYA;84.14;17.501.286.653.000;76.4;2.37;3.96;19666;;99.94;102.54;772494;0.16;23.64;40.76
KOTA SURAKARTA;84.4;2.884.718.506.000;76.98;6.22;8.31;16291;44.64;99.88;103.08;64701;0.26;23.52;38.11
KOTA TANGERANG;80.02;1.409.376.697.000;65.21;1.89;5.43;15641;45.26;99.91;98.61;224791;0.23;17.85;43.71
KOTA TANGERANG SELATAN;82.89;830.582.352.000;70.59;3.13;2.36;17028;38.2;99.94;104.33;112214;0.05;19.13;40.13
KOTA TANJUNG BALAI;71.1;206.147.069.000;72.61;6.3;11.97;12264;56.7;86.56;94.78;12208;0.33;31.33;29.66
KOTA TANJUNG PINANG;80.63;2.312.912.645.000;70.28;10.63;6.86;16663;47.97;98.44;106.28;25022;0.14;17.86;43.58
KOTA TARAKAN;77.96;1.159.933.352.000;68.54;14.05;5.56;12451;48.53;100;110.5;56214;0.08;21.44;38.5
KOTA TASIKMALAYA;75.04;645.294.082.000;69.84;5.31;11.1;11431;53.92;99.9;103.86;29613;0.26;26.43;34.42
KOTA TEBING TINGGI;77.45;435.779.505.000;63.45;9.54;8.79;13900;48.99;100;95.16;7875;0.29;27.4;34.42
KOTA TEGAL;77.43;638.234.827.000;64.76;5.02;7.64;14358;50.32;99.86;104.5;20661;0.32;23.94;39.35
KOTA TERNATE;82.12;2.705.022.887.000;78.02;22.16;3.14;14731;42.76;100;122.4;15213;0.25;30.67;25.98
KOTA TIDORE KEPULAUAN;72.91;469.293.927.000;71.54;29.05;6.56;9269;51.62;100;109.84;3852;0.21;30.87;28.51
KOTA TOMOHON;78.89;87.265.423.000;77.11;4.15;5.38;13045;47.01;100;99.69;5880;0.22;20.32;41.08
KOTA TUAL;70.21;100.878.629.000;59.16;27.91;20.01;8238;47.1;89.57;110.62;3417;0.65;34.21;23.42
KOTA YOGYAKARTA;88.77;7.421.131.062.000;71.86;10.35;6.26;20603;37.09;99.98;102.25;49390;0.14;24.48;39.22
KOTAWARINGIN BARAT;74.44;280.170.925.000;66.73;6.43;4.11;14095;51.25;66.08;106.99;31221;0.1;25.32;38.91
KOTAWARINGIN TIMUR;72.66;380.069.517.000;67.25;7.57;5.66;13042;51.93;77.33;105.91;37991;0.24;26.7;38.79
KUANTAN SINGINGI;72.33;193.817.532.000;68.77;11.47;7.89;11182;52.3;71.84;86.92;51996;0.2;31.56;26.95
KUBU RAYA;70.25;238.289.775.000;68.66;17.56;4.08;10132;55.22;69;103.68;41726;0.05;35.2;23.68
KUDUS;77.22;456.933.616.000;66.88;5.41;7.23;12533;50.84;96.25;104.64;128612;0.24;25.66;43.77
KULON PROGO;76.14;395.554.265.000;70.6;8.75;15.62;10990;46.47;92.14;102.56;16912;0.62;50.00;25.38
KUNINGAN;71.26;486.514.048.000;78.86;5.83;11.88;10418;54.02;94.32;98.27;35536;0.53;35.58;23.11
KUPANG;66.57;480.436.966.000;62.06;14.39;21.37;8508;50.01;79.51;82.56;9868;1.45;49.14;14.17
KUTAI BARAT;74.5;217.569.434.000;70.26;7.23;9.56;11903;53.14;77.89;126.5;39694;0.24;27.99;34.7
KUTAI KARTANEGARA;75.91;318.083.004.000;72.29;8.06;7.28;12957;50.78;75.27;112.34;204700;0.1;31.61;26.75
KUTAI TIMUR;75.53;165.141.882.000;55.87;6.6;8.81;12490;50.57;58.12;123.01;159497;0.24;22.31;39.61
LABUHAN BATU;74.18;303.076.468.000;59.07;7.07;7.84;12102;;95.95;96.25;50802;0.13;27.56;29.63
LABUHAN BATU SELATAN;73.67;116.790.041.000;61.04;6.65;7.73;12353;60.89;84.39;96.57;41910;0.16;30.73;31.51
LABUHAN BATU UTARA;74.4;91.926.610.000;47.74;7.08;8.98;12839;59.23;93.18;95.16;36582;0.14;30.08;30.6
LAHAT;69.77;267.102.369.000;71.79;5.55;14.14;11255;57.43;86.82;85.48;29981;0.53;45.7;23.09
LAMANDAU;72.25;98.155.469.000;79.46;5.06;3.25;12278;50.85;84.61;111.64;8265;0.15;28.66;38.34
LAMONGAN;75.13;446.062.556.000;67.9;5.3;12.16;12419;;90.28;97.63;52077;0.44;37.84;26.79
LAMPUNG BARAT;69.84;156.326.297.000;66.65;11.17;10.68;10965;59.24;80.78;92.22;9903;0.4;64.23;9.33
LAMPUNG SELATAN;70.28;646.548.713.000;70.98;9.91;12.57;11133;58.51;89.26;88.62;60321;0.46;43.95;18.6
LAMPUNG TENGAH;72.37;332.681.727.000;71.66;10.25;10.37;12595;58.63;91.85;86.72;97093;0.4;48.96;21.12
LAMPUNG TIMUR;71.84;358.058.179.000;64.44;11.54;13.19;11262;56.66;89.44;85.93;56851;0.29;43.93;19.44
LAMPUNG UTARA;69.62;290.321.547.000;59.15;10.36;16.92;9837;58.46;84.86;88.77;31815;0.51;43.28;25.77
LANDAK;69.08;170.098.828.000;75.86;10.89;8.98;8868;55.76;63.3;109.12;14967;0.38;49.79;18.44
LANGKAT;72.73;424.078.261.000;62.24;8.82;9.04;12080;57.92;92.48;94.62;62411;0.26;32.33;30.85
LANNY JAYA;51.59;48.409.344.000;50.31;12;34.12;5026;57.85;60.44;257.73;2493;2.01;90;3.26
LEBAK;74.09;481.176.870.000;66.83;2.52;8.44;13254;65.01;88.58;97.83;186104;0.23;41.97;17.18
LEBONG;69.27;92.609.708.000;80.46;12.38;10.45;12362;60.0;89.68;93.63;4581;0.27;57.58;17.68
LEMBATA;66.62;193.734.012.000;54.68;12.5;24.22;8238;55.08;90.93;93.55;2255;1.06;45.34;20.75
LIMA PULUH KOTA;71.14;356.779.797.000;51.45;8.83;6.92;10648;59.37;61.37;90.18;20851;0.16;51.77;21.2
LINGGA;68.19;149.963.058.000;60.98;20;9.99;12906;53.14;94.17;111.31;5604;0.37;32.37;33.57
LOMBOK BARAT;70.67;307.928.611.000;62.49;3.35;12.65;12431;58.98;90.43;107.12;19160;0.43;38.21;28.12
LOMBOK TENGAH;69.17;515.201.286.000;63.6;3.84;12.07;11531;58.04;85.74;101.64;22605;0.27;53.11;16.26
LOMBOK TIMUR;69.23;510.561.480.000;71.24;2.37;14.51;10571;62.59;83.99;105.37;26293;0.77;48.17;17.42
LOMBOK UTARA;67.24;107.245.159.000;47.67;3.04;23.96;10272;52.92;88.01;100.83;5983;1.35;50.27;19.16
LUMAJANG;68.8;341.601.352.000;65.16;8.44;8.65;10124;;86.2;91.96;43059;0.26;43.29;21.96
LUWU;72.79;224.170.722.000;65.77;6.8;11.7;11121;54.75;73.96;101.41;22952;0.53;45.03;24.01
LUWU TIMUR;74.95;161.674.809.000;56.12;5.23;6.55;13867;49.15;84.4;102.25;30391;0.39;39.89;17.05
LUWU UTARA;72.07;217.415.092.000;54.02;4.16;11.24;12866;54.19;87.31;99.17;19689;0.58;34.9;28.16
MADIUN;73.74;411.187.320.000;72.26;10.97;10.63;12668;;93.87;95.85;25549;0.25;42.4;21.56
MAGELANG;71.99;495.501.843.000;66.97;11.24;10.83;10926;51.63;91.86;99.28;43736;0.23;46.64;24.57
MAGETAN;75.87;354.382.656.000;70.07;11.19;9.32;12915;;94.73;95.27;24577;0.2;49.97;21.59
MAHAKAM ULU;70.35;40.970.109.000;82.2;8.18;10.75;9126;48.04;48.5;137.82;3774;0.43;43.44;24.03
MAJALENGKA;69.74;489.362.418.000;62.81;5.95;10.82;10842;54.92;89.33;102.13;46303;0.45;36.14;27.48
MAJENE;69.42;3.901.159.863.000;76.96;5.47;13.64;10909;53.17;100;85.05;6496;0.41;37.71;20.52
MALAKA;62.73;78.928.376.000;63.31;12.18;13.92;6879;56.94;99.98;80.07;3770;0.37;45.08;14.14
MALANG;72.68;1.177.309.980.000;73.39;9.42;8.98;11190;;92.77;98.86;138423;0.16;37.02;29.3
MALINAU;73.9;182.567.079.000;76.58;11.44;6.94;11190;52.19;72.09;103.83;18207;0.06;39.22;30.6
MALUKU BARAT DAYA;64.86;190.853.064.000;69.27;30.33;27.95;7600;46.88;92.78;119.46;3197;0.63;48.24;13.74
MALUKU TENGAH;73.21;540.016.934.000;69.49;34.3;17.67;11183;51.52;93.17;100.76;11454;1.31;41.56;18.11
MALUKU TENGGARA;68.24;573.548.982.000;65.89;30.97;21.22;8553;45.64;89.2;110.87;4408;0.59;36.31;18.13
MALUKU TENGGARA BARAT;64.83;;75.65;35.83;23.66;7091;;;111.8;3618;1.03;;
MAMASA;68.37;513.388.171.000;61.09;7.16;14.2;8415;48.91;37.94;105.24;3772;0.33;51.61;16.86
MAMBERAMO RAYA;55;52.229.904.000;54.73;52.1;30.29;5298;48.96;49.76;175.63;2305;0.55;37.61;12.98
MAMBERAMO TENGAH;50.72;16.674.052.000;53.4;29.91;35.27;4943;72.84;67.77;285.83;1554;1.31;85.01;4.28
MAMUJU;70.4;905.257.631.000;60.61;7.37;7.15;10440;44.25;85.7;89.76;16024;0.26;46.49;21.05
MAMUJU TENGAH;68.36;109.432.235.000;55.84;6.18;7.72;9250;48.91;85.41;90.07;4555;0.19;45.5;15.31
MAMUJU UTARA;69.73;141.582.856.000;56.06;4.97;5.21;12190;;;97.28;15579;0.11;;
MANDAILING NATAL;69.33;371.954.844.000;66.37;7.1;8.69;10644;62.21;90.72;93.25;20279;0.21;41.99;18.77
MANGGARAI;67.28;290.032.105.000;65.39;11.03;19.01;8204;57.29;91.21;102.79;5944;0.66;51.51;17.82
MANGGARAI BARAT;66.65;328.395.020.000;62.72;11.03;16.74;8195;52.73;87.33;99.67;4594;0.96;54.04;21.87
MANGGARAI TIMUR;64.2;103.677.513.000;53.16;13.14;24.9;6561;65.14;76.18;93.7;4269;1.49;49.6;23.73
MANOKWARI;73.83;2.463.349.917.000;63.55;22.18;18.45;13008;49.42;92.06;113.78;11327;0.82;28.53;28.54
MANOKWARI SELATAN;62.45;121.325.707.000;55.62;20.01;26.83;6139;51.07;81.94;121.72;1018;1.54;48.96;21.01
MAPPI;61.51;35.088.172.000;57.73;46.32;25.7;7068;59.95;52.67;147.15;3834;1.2;36;32.01
MAROS;72.11;416.568.904.000;71.86;7.23;9.32;12209;51.04;84.72;96.64;28624;0.19;33.29;20.65
MAYBRAT;61.83;91.325.002.000;66.84;18.16;29.18;5824;52.3;76.34;130.71;863;1.08;52.39;16.66
MELAWI;68.66;131.913.436.000;73.76;20.28;10.62;9596;51.77;17.1;110.58;7234;0.49;37.82;33.15
MERANGIN;71.66;227.130.689.000;58.12;15.19;8.4;11425;;84.03;95.59;25472;0.27;42.05;22.4
MERAUKE;72.73;1.179.088.534.000;72.79;10.21;10.19;11077;58.96;79.38;138.95;20350;0.67;35.91;23.01
MESUJI;66.46;105.954.809.000;67.3;14.29;6.31;9454;48.39;85.36;92.43;14153;0.16;39.5;28.83
MIMIKA;76.85;341.719.944.000;63.29;10.25;14.18;12487;53.83;91.13;121.9;146298;1.42;50.91;3.6
MINAHASA;77.74;525.065.528.000;87.27;22.09;6.53;13681;51.42;90.15;99.4;24047;0.41;31.7;24.05
MINAHASA SELATAN;74.17;268.174.844.000;77.91;5.51;8.97;12529;59.17;100;98.06;12604;0.11;38.56;26.09
MINAHASA TENGGARA;72.66;102.694.079.000;84.47;8.38;11.72;11511;59.07;80.51;97.07;7355;0.3;32.13;27.27
MINAHASA UTARA;75.89;162.193.748.000;75.55;6.93;6.95;12412;53.34;99.84;104.99;20382;0.11;30.93;25.74
MOJOKERTO;75.98;422.753.890.000;78;7.47;9.37;13903;;95.99;97.79;113130;0.19;35.18;32.13
MOROWALI;73.54;139.990.307.000;64.5;6.94;11.55;12281;48.77;85.24;104.11;173865;0.43;29.18;26.48
MOROWALI UTARA;70.58;115.792.362.000;65.68;4.14;11.95;10032;55.51;83.52;103.88;30234;0.39;40.74;20.9
MUARA ENIM;71;357.425.147.000;69.55;6.31;9.79;12291;51.7;93.63;94.79;116724;0.64;34.01;30.09
MUARO JAMBI;71.91;277.227.172.000;65.81;4.86;3.65;10007;56.46;96.1;96.85;40476;0.1;34.71;25.65
MUKOMUKO;70.63;153.049.055.000;51.17;7.78;10.76;11665;54.43;78.47;99.2;7566;0.32;40.32;30.04
MUNA;71.05;247.073.234.000;62.24;5.56;13.78;9107;50.48;97.7;91.8;9489;0.36;44.06;22.3
MUNA BARAT;68.06;38.440.507.000;47.37;19.36;13.38;8458;56.39;97.94;91.91;3541;0.45;41.98;23.63
MURUNG RAYA;70.03;98.369.514.000;68.81;15.28;6.58;11503;56.77;71.65;116.04;11857;0.35;26.76;32.71
MUSI BANYUASIN;70.12;243.186.041.000;65.65;8.71;12.88;11424;55.08;84.99;92.7;92667;0.43;31.5;27.53
MUSI RAWAS;68.95;184.616.755.000;63.98;4.41;13.44;11058;57.43;92.46;90.62;25472;0.4;41.41;24.77
MUSI RAWAS UTARA;67.4;86.130.976.000;43.2;6.83;17.38;11198;61.64;87.09;93.81;9696;0.78;32.98;30.01
NABIRE;71.77;94.391.459.000;70.76;6.5;24;9856;48.62;67.42;125.32;14968;2.08;65.91;7.31
NAGAN RAYA;71.72;163.156.324.000;45.23;24.93;16.94;9523;63.35;91.52;97.41;12432;0.45;40.26;19.21
NAGEKEO;67.72;95.720.816.000;62.02;6.91;12.3;8986;57.31;99.85;86.04;2870;0.26;44.32;23.2
NATUNA;74.56;255.547.829.000;43.86;12.34;5.04;15560;51.17;93.46;116.22;22693;0.03;31.64;32.09
NDUGA;36.3;34.452.695.000;50.08;13.48;36.28;4597;66.65;32.89;230.13;1630;1.22;92.55;1.25
NGADA;69.52;122.389.584.000;55.66;21.67;11.87;9585;56.94;97.57;84.89;4469;0.55;54.66;16.55
NGANJUK;74.23;487.886.588.000;68.09;11.42;10.17;13376;;92.91;95.01;36271;0.18;41.94;20.3
NGAWI;73.09;396.560.759.000;73.02;7.71;13.81;12414;;94.5;92.76;25945;0.61;48.41;18.73
NIAS;65.55;290.582.448.000;64.57;9.4;14.89;7698;58.65;48.84;110.03;5305;0.34;65.25;12.84
NIAS BARAT;64.67;52.340.386.000;72.4;6.24;22.68;6740;;61.99;115.36;2532;0.2;55.26;15.95
NIAS SELATAN;65.02;137.806.864.000;64.56;6.96;16.32;7730;66.41;55.06;110.59;9128;0.6;58.77;10.84
NIAS UTARA;65.62;47.026.569.000;65.11;7.81;21.5;7189;60.58;50.42;107.35;4790;1.28;60.13;13.99
NUNUKAN;68.52;375.020.758.000;73.85;6.73;5.73;8265;49.43;84.23;107.83;40543;0.23;33.61;28.3
OGAN ILIR;69.4;219.919.817.000;60.91;17.73;12.3;12093;57.4;97.34;87.91;15241;0.33;40.68;25.48
OGAN KOMERING ILIR;69.33;291.115.883.000;59.53;7.12;12.08;12305;59.71;88.58;93.42;46649;0.39;41.06;20.48
OGAN KOMERING ULU;71.55;252.808.386.000;46.63;5.77;10.68;11339;53.17;79.58;83.37;20465;0.13;43.18;22.48
OGAN KOMERING ULU SELATAN;67.65;168.030.894.000;58.28;7.31;9.86;9680;58.01;85.67;89.75;11908;0.38;60.41;10.17
OGAN KOMERING ULU TIMUR;71.55;225.536.564.000;65.6;12.95;9.75;12623;58.05;92.97;92.51;21240;0.09;40.84;24.43
PACITAN;70.74;245.840.078.000;64.12;7.63;13.08;10099;;86.45;91.07;20657;0.25;54.04;18.57
PADANG LAWAS;71.27;184.202.081.000;54.35;14.05;7.87;9821;58.24;91;93.07;18330;0.3;48.46;25.57
PADANG LAWAS UTARA;72.32;119.861.039.000;67.49;5.53;8.97;10925;56.26;60.12;93.95;17831;0.29;45.63;24.57
PADANG PARIAMAN;73.1;372.361.490.000;48.05;6.16;6.27;11756;54.28;92.55;88.15;26809;0.19;42.66;21.1
PAKPAK BHARAT;70.36;64.779.275.000;61.66;8.68;6.87;9158;57.16;56.89;99.12;1719;0.11;51.54;18.82
PAMEKASAN;68.49;592.036.693.000;51.8;6.13;13.41;9811;;80.84;96.19;22492;0.14;54.25;15.62
PANDEGLANG;65.86;660.741.274.000;70.1;14.36;9.18;9631;60.87;88.9;86.7;37631;0.35;42.55;16.28
PANGANDARAN;69.85;194.128.613.000;73.89;2.7;8.75;9654;54.44;82.86;92.92;15475;0.29;50.83;24.07
PANGKAJENE DAN KEPULAUAN;71.22;335.864.862.000;58.4;5.22;12.41;12643;49.96;92.71;91.49;34607;0.38;27.67;30.12
PANIAI;58.69;57.279.673.000;23.59;4;37.07;7470;63.72;43.02;177.76;5339;1.82;80;1.13
PARIGI MOUTONG;67.49;251.050.230.000;60.52;56.52;14.2;10846;55.63;90.16;86.43;23476;1.08;36.03;25.23
PASAMAN;68.89;182.160.430.000;68.72;9.83;6.74;9194;59.61;71.74;90.35;12165;0.13;53.85;19.17
PASAMAN BARAT;70.93;206.602.456.000;63.37;8.74;7;9888;54.1;56.88;94.6;21116;0.17;40.78;32.38
PASIR;74.7;222.143.042.000;65.98;8.55;8.63;12181;52.9;80.59;114.87;55429;0.17;29.26;27.56
PASURUAN;70.73;561.979.466.000;69.57;8.44;8.63;11617;53.14;91.72;95.97;201665;0.21;32.64;29.95
PATI;74.1;561.138.708.000;66.3;10.37;9.17;11829;52.3;86.41;104.52;59015;0.25;41.45;23.55
PEGUNUNGAN ARFAK;58.73;41.350.968.000;33.54;8.4;31.76;5722;50.14;71.24;153.69;359;1.38;75.23;4.03
PEGUNUNGAN BINTANG;49.36;93.606.103.000;52.67;32.68;28.95;6196;66.97;47.86;302.53;2528;1.83;78.37;6.53
PEKALONGAN;71.84;314.036.360.000;65.06;17.89;8.95;11701;55.91;89.53;101.29;30224;0.23;33.75;35.59
PELALAWAN;74.08;181.790.089.000;53.42;5.54;8.49;12575;54.43;96.4;95.67;77686;0.21;24.69;33.15
PEMALANG;68.55;371.919.816.000;81.47;10.38;14.92;10017;57.13;86.58;104.1;34889;0.61;41.04;22.51
PENAJAM PASER UTARA;73.9;19.736.105.817.000;50.52;6.31;6.69;13100;50.24;87.93;117.84;23327;0.12;34.56;34.19
PENUKAL ABAB LEMATANG ILIR;67.48;85.086.934.000;52.27;8.2;9.82;9604;53.84;91.28;93.56;9386;0.09;56.33;16.13
PESAWARAN;68.52;212.259.386.000;65.03;6.97;11.86;9190;58.05;88.57;85.36;21667;0.36;42.68;22.36
PESISIR BARAT;66.73;73.145.527.000;66.33;11.36;12.64;9550;57.29;75.55;95.14;6138;0.49;51.41;18.17
PESISIR SELATAN;72.02;283.267.302.000;55.72;8.4;7.49;10211;59.33;74.9;92.61;19182;0.11;39.71;18.82
PIDIE;72.31;455.290.795.000;62.44;8.82;18.59;11187;60.65;83.25;92.66;14549;0.42;33.21;25.65
PIDIE JAYA;75.16;211.112.868.000;55.98;8.63;18.28;11274;56.77;91.35;92.33;4725;0.73;36.42;21.61
PINRANG;73.55;391.142.853.000;63.06;9.67;8.55;13010;53.53;79.26;93.05;26653;0.34;36.29;20.1
POHUWATO;68.02;136.195.858.000;72.47;5.99;17.11;11618;53.37;88.77;95.33;8579;0.7;42.15;27.77
POLEWALI MANDAR;66.22;1.150.174.528.000;75.38;18.22;15.66;9536;57.15;68.97;84.07;17771;0.88;46.36;20.89
PONOROGO;73.01;535.647.795.000;72.66;6.58;9.11;11065;;90.97;97.17;27047;0.17;51.6;17.28
PONTIANAK;68.56;;63.03;10.41;4.83;9163;;99.81;103.51;12513;0.09;;
POSO;72.87;325.078.100.000;81.43;8.15;14.23;9948;51.78;84.61;92.44;12738;0.45;35.51;23.84
PRINGSEWU;72.29;171.170.243.000;68.37;10.51;8.32;11543;56.65;96.72;88.05;15098;0.16;41.65;22.85
PROBOLINGGO;68.29;327.588.889.000;72.02;11.83;16.45;12258;;86.58;93.78;45675;0.6;41.74;24.54
PULANG PISAU;70.27;131.292.059.000;68.99;9.36;4.56;11207;55.24;87.65;102.2;7660;0.19;30.34;34.82
PULAU MOROTAI;65.68;188.225.145.000;60.7;30.13;5.11;7523;58.3;96.62;120.55;2029;0.14;39.04;16.92
PULAU TALIABU;62.9;58.643.093.000;57.46;32.64;7.13;7226;58.48;85.36;114.13;2111;0.3;39.56;18.83
PUNCAK;45.6;44.690.540.000;52.65;52.86;37.49;6363;69.88;39.53;379.81;1772;1.22;59.54;4.37
PUNCAK JAYA;51.78;215.941.766.000;62.47;16.97;35.94;6091;67.25;49.66;334.69;1664;3.48;59.54;3.97
PURBALINGGA;70.69;402.789.192.000;76.97;8.63;14.18;11343;54.74;87.4;99.9;33357;0.5;39.89;28.07
PURWAKARTA;72.65;475.019.911.000;76.22;5.84;8.41;13099;54.06;95.11;104.89;88255;0.35;27.89;31.71
PURWOREJO;75.11;312.900.125.000;73.18;11.51;10.87;11584;51.1;89.28;99.38;24801;0.18;47.41;23.16
RAJA AMPAT;65.86;115.841.013.000;56.71;21.95;15.83;8761;53.85;89.63;123.94;4104;0.87;38.98;16.85
REJANG LEBONG;72.92;432.186.184.000;64.53;12.54;14.65;11385;56.6;94.52;93.15;13066;0.38;52.46;18.98
REMBANG;72.53;266.244.821.000;67.64;9.17;14.02;11830;55.67;88.66;102.46;25794;0.84;;
ROKAN HILIR;71.2;255.158.475.000;54.11;10.47;7.01;10447;52.73;90.35;102.43;102494;0.19;26.84;32.3
ROKAN HULU;71.82;206.667.277.000;55;9.27;9.62;10586;58.06;78.1;94.53;56647;0.18;27.01;29.88
ROTE NDAO;64.59;174.958.761.000;50.43;13.81;25.78;7365;;71.06;108.37;3916;1.41;;
SABU RAIJUA;59.58;104.416.113.000;57.51;11.05;28.13;6207;;57.7;115.55;1733;1.67;51.6;17.7
SAMBAS;69.31;356.464.995.000;74.66;12.78;6.53;11538;59.96;98.32;110.04;28561;0.19;47.39;23.55
SAMOSIR;72.88;95.943.287.000;69.98;5.31;11.63;9634;61.52;86.79;103.17;6100;0.15;60.76;9.13
SAMPANG;64.65;310.432.391.000;55.29;9.44;20.83;9782;;71.37;98.15;24882;0.57;60.39;10.72
SANGGAU;68.43;282.685.847.000;64.26;16.45;4.67;9728;54.08;81.71;109.31;26524;0.08;46.22;18.25
SARMI;66.72;77.764.041.000;74.87;41.91;14.05;7499;55.02;72.28;138.87;3825;0.41;44.64;17.35
SAROLANGUN;72.01;197.257.593.000;65.83;9.89;8.36;12679;54.1;72.28;94.04;22701;0.21;34.17;27
SEKADAU;67.25;105.220.143.000;52.76;16.14;5.66;8511;61.98;;105.72;9432;0.1;46.86;26.43
SELUMA;68.97;146.495.783.000;66.86;11.05;17.23;9474;55.13;96.34;95.39;6345;0.49;38.48;30.08
SEMARANG;75.67;305.265.954.000;74.52;7.71;6.96;13377;49.51;96.41;105.78;65585;0.18;36.81;35.24
SERAM BAGIAN BARAT;68.39;279.945.885.000;65.99;32.71;22.31;9706;50.4;94.96;101.88;4077;0.81;;
SERAM BAGIAN TIMUR;66.24;241.223.364.000;58.26;33.34;21.03;10049;53.55;79.28;101.03;3684;0.78;;
SERANG;69.03;829.150.925.000;60.5;2.13;4.51;11767;57.61;92.86;93.2;102120;0.2;25.31;30.26
SERDANG BEDAGAI;72.47;225.557.020.000;62.85;8.46;6.97;12015;61.26;100;93.59;42012;0.28;31.25;28.44
SERUYAN;69.05;124.530.042.000;64.15;6.37;7.08;10474;52.85;76.45;108.01;12608;0.19;28.64;34.35
SIAK;75.45;256.086.244.000;45.63;10.75;5.08;13080;52.73;90.7;95.84;121123;0.08;25.99;35.91
SIAU TAGULANDANG BIARO;70.31;68.753.624.000;83.36;8.24;8.32;9062;;100;111.92;3391;0.19;;
SIDENRENG RAPPANG;73.21;195.892.367.000;57.11;4.58;5.02;13209;50.9;100;91.49;19615;0.08;31.76;21.67
SIDOARJO;82.31;3.639.894.458.000;66.13;3.07;4.53;15710;;97.37;106.35;296887;0.18;30.26;31.96
SIGI;70.51;164.844.770.000;79.24;12.6;12.06;9254;57.04;83.46;79.28;12562;0.7;54.9;14.05
SIJUNJUNG;70.23;85.710.377.000;57.58;8.67;5.78;11395;55.39;75.56;91.18;12489;0.13;46.02;17.44
SIKKA;67.41;304.048.917.000;62.39;12.8;11.89;9019;56.15;95.57;89.38;6756;0.31;49.53;20.43
SIMALUNGUN;74.97;308.686.656.000;62.42;8.34;7.72;12119;62.03;100;96.2;58906;0.12;43.59;24.22
SIMEULUE;69.01;145.098.728.000;62.79;10.08;17.69;8106;59.34;68.24;108.8;3151;0.6;41.77;22.32
SINJAI;69.52;237.105.705.000;67.08;6.8;7.82;10665;56.02;76.95;91.19;15975;0.25;39.15;20.24
SINTANG;69.42;704.197.490.000;61.9;15.11;8.03;9657;53.07;57.31;110.81;20485;0.16;44.06;25.82
SITUBONDO;69.75;372.049.352.000;67.73;17.35;11.51;11216;;92.83;91.91;27102;0.18;48.89;21.21
SLEMAN;85.61;3.365.507.410.000;81.49;8.05;7.46;17586;45.2;99.42;106.63;63683;0.27;27.89;39.38
SOLOK;71.02;241.766.003.000;60.23;8.94;7.31;10988;59.73;71.05;94.5;18392;0.3;53.93;16.87
SOLOK SELATAN;71.5;128.299.426.000;50.47;10.95;6.56;11240;52.32;69.02;91.49;7588;0.22;50.43;20.63
SOPPENG;71.39;161.927.293.000;69.91;12.87;6.9;10547;49.79;97.11;95.82;16099;0.15;40.42;16.79
SORONG;68.29;260.999.849.000;57.01;23.54;25.71;8283;49.79;86.72;116.59;12450;2.35;36.34;25.75
SORONG SELATAN;64.5;84.937.684.000;53.55;20.94;17.83;6928;48.98;78.55;118.81;2339;1.07;65.25;14.1
SRAGEN;75.53;411.880.159.000;70.28;8.12;12.41;13890;53.56;92.41;101.67;52434;0.67;43.75;26.94
SUBANG;71.36;1.613.016.887.000;71.76;6.19;9.49;11894;56.75;87.83;105.33;54946;0.46;35.91;24.11
SUKABUMI;68.97;654.219.785.000;65;5.82;6.87;9815;58.8;79.44;103.12;88142;0.2;37.22;22.38
SUKAMARA;69.85;102.467.310.000;63.48;6.15;4.14;9809;53.96;82.36;111.64;6498;0.04;31.82;31.56
SUKOHARJO;79.3;1.523.134.650.000;73.79;8.05;7.47;12758;45.07;96.12;100.45;49987;0.31;28.03;38.49
SUMBA BARAT;66.06;131.758.468.000;69.51;12;26.52;8243;56.29;75.2;99.11;3005;1.43;48.89;16.85
SUMBA BARAT DAYA;64.27;156.607.901.000;63.53;10.59;27.2;7358;67.04;77.06;96.6;4930;0.85;64.74;11.13
SUMBA TENGAH;64.31;30.046.673.000;66.22;11.58;30.84;6743;56.11;47.56;98.03;1527;2.36;55.18;14.15
SUMBA TIMUR;67.68;277.523.546.000;58.42;10.61;27.04;10280;58.0;70.11;97.82;7800;2.18;54.61;19.51
SUMBAWA;70.55;341.533.621.000;72.58;2.55;12.87;10349;53.31;91.55;95.97;18517;0.53;40.34;21.04
SUMBAWA BARAT;73.86;118.704.848.000;53.49;0.87;12.23;12841;52.98;94.83;97.37;36565;0.65;36.29;31.99
SUMEDANG;73.73;909.102.918.000;76.99;5.43;9.1;11589;56.3;91.91;103.47;47128;0.45;40.94;24.69
SUMENEP;69.26;519.284.169.000;63.22;6.49;17.78;10156;;83.19;102.75;45222;1.53;52.08;17.65
SUPIORI;65.15;55.680.507.000;48.49;33.58;37.72;6474;56.0;60.43;134.73;1246;5.35;27.94;20.59
TABALONG;74.41;252.570.899.000;75.83;3.06;5.64;13097;52.24;89.67;100.89;32643;0.2;42.93;23.18
TABANAN;78.42;281.235.437.000;75.48;2.59;4.4;15297;43.18;98.32;104.23;27650;0.19;36.96;34.63
TAKALAR;69.47;311.036.836.000;73.63;11.14;7.75;11679;50.24;99.58;93.14;13428;0.29;30.82;24.42
TAMBRAUW;56.32;58.056.733.000;43.17;21.21;29.88;5489;47.71;64.94;130.55;305;1.09;50.23;16.81
TANA TIDUNG;70.08;30.153.285.000;61.1;14.96;4.47;8707;43.49;89.4;107.88;9297;0.07;25.68;36.51
TANA TORAJA;71.67;240.469.268.000;61.66;7.94;10.79;8319;54.41;72.98;99.64;10159;0.25;50.92;18.64
TANAH BUMBU;72.95;219.174.109.000;64.51;2.17;3.41;13026;46.61;59.87;98.82;35709;0.14;26.71;34.75
TANAH DATAR;74.9;443.171.628.000;60.69;9.1;4.28;11223;55.28;86.79;92.26;17496;0.07;50.95;17.86
TANAH LAUT;71.43;334.273.577.000;76.98;4.14;3.74;12595;54.17;100;101.31;21254;0.21;37.06;28
TANGGAMUS;68.52;266.099.335.000;60.46;10.65;10.28;10524;60.89;88.29;87.91;21198;0.35;49.12;12.15
TANJUNG JABUNG BARAT;69.93;190.329.637.000;63.43;13.9;9.54;10696;57.63;72.13;101.51;55733;0.24;43.26;19.97
TANJUNG JABUNG TIMUR;67.54;190.918.189.000;65.1;13.25;10.14;10328;56.53;92.17;101.04;27296;0.76;41.62;20.87
TAPANULI SELATAN;72.14;227.416.790.000;66.1;7.68;6.92;12213;61.78;90.02;93.67;21276;0.08;53.14;19.03
TAPANULI TENGAH;71.52;217.664.343.000;79.25;6.66;11.8;11128;62.2;91.17;100.58;13671;0.21;42.78;25.90
TAPANULI UTARA;75.23;270.022.407.000;63.8;6.64;8.21;12382;64.07;77.14;94.53;11279;0.35;64.46;14.33
TAPIN;72.51;176.842.351.000;65.08;3.05;3.33;13163;54.94;79.78;99.21;14407;0.03;37.19;25.42
TASIKMALAYA;68.36;815.621.765.000;60.82;5.95;10.23;8965;57.32;90.39;98.5;49783;0.15;41.72;21.65
TEBO;71.32;181.069.971.000;58.35;11.03;6.12;11415;59.74;78.44;91.68;23909;0.12;40.82;22.41
TEGAL;70.77;367.701.275.000;76.03;9.39;6.81;10972;53.21;89.26;101.18;47721;0.22;30.00;29.15
TELUK BINTUNI;66.75;335.309.435.000;49.78;19.24;26.99;10592;51.78;85.37;130.92;52360;2.25;32.64;28.07
TELUK WONDAMA;62.36;96.431.217.000;69.14;21.08;28.47;8887;56.17;86.53;115.25;1856;1.15;39.23;25.57
TEMANGGUNG;71.87;346.715.103.000;74.28;11.72;8.67;10519;51.07;89.59;99.95;28924;0.18;52.68;21.41
TIMOR TENGAH SELATAN;64.36;183.205.338.000;52.73;12.61;24.68;7755;56.63;75.51;86.09;10243;1.23;67.02;12.04
TIMOR TENGAH UTARA;65.83;337.401.199.000;68.32;13.2;20.89;7242;55.25;87.81;85.04;5156;0.94;52.41;15.47
TOBA SAMOSIR;76.91;201.711.674.000;71.96;7.72;8.07;12960;55.69;96.4;94.11;10284;0.17;60.23;16.29
TOJO UNA-UNA;66.97;196.063.647.000;64.62;12.29;16.36;8863;57.6;81.33;87.91;7354;0.4;38.42;21.64
TOLIKARA;52.05;15.254.696.000;56.07;38.64;31.22;5653;74.9;;288.59;2176;0.42;83.05;2.65
TOLI-TOLI;68.37;267.484.115.000;69.05;15.48;12.45;8918;51.0;79.58;92.06;11075;0.42;33.86;27.57
TORAJA UTARA;71.85;112.970.834.000;66.57;5.13;10.73;9292;55.22;61.61;100.23;13258;0.24;44.83;17.01
TRENGGALEK;72.24;304.943.969.000;67.18;14.75;10.5;10872;;93.11;97.25;24365;0.28;46.75;21.08
TUBAN;71.23;420.214.087.000;72.29;7.89;14.36;11579;;89.66;97.93;87111;0.39;40.59;25.28
TULANGBAWANG;70.66;164.464.488.000;71.47;10.78;7.22;12122;58.61;95.14;90.65;30499;0.19;40.62;22.47
TULANGBAWANG BARAT;68.46;118.817.490.000;59.62;10.21;7.88;9646;52.93;92.84;93.52;15595;0.17;46.44;18.55
TULUNGAGUNG;75.09;770.930.600.000;69.99;10.06;6.28;11966;;94.18;93.25;51247;0.1;45.91;19.77
WAJO;71.52;199.597.379.000;57.91;8.14;6.47;13608;47.62;84.15;95.05;25954;0.22;41.4;19.6
WAKATOBI;72.02;218.646.728.000;80.23;9.48;14.36;10739;51.98;99.92;109.48;6140;0.83;46.65;19.62
WAROPEN;66.92;66.697.498.000;53.34;36.35;29.85;7569;55.51;64.01;144.6;2452;1.69;38.34;17.58
WAY KANAN;69.31;183.919.527.000;72.37;10.61;10.43;10439;60.23;87.39;89.19;19222;0.36;42.56;25.51
WONOGIRI;72.55;343.269.218.000;79.72;10.25;10.71;10634;48.39;91.12;100.13;39762;0.33;45.75;22.58
WONOSOBO;69.82;387.936.827.000;56.61;13.39;15.28;11980;54.64;89.26;99.74;25028;0.6;47.91;22.67
YAHUKIMO;51.98;75.336.860.000;33.99;46.36;33.82;5747;74.65;54.91;169.54;3157;0.93;85.4;1
YALIMO;51.85;31.657.502.000;28.09;14.72;30.02;5226;55.26;50.45;243.53;1709;4.26;79.74;
